"LIBRARYREFERENCE","FOOTPRINT1","FOOTPRINT2","FOOTPRINT3","FOOTPRINT4","LIBFIELD1","LIBFIELD2","LIBFIELD3","LIBFIELD4","LIBFIELD5","LIBFIELD6","LIBFIELD7","LIBFIELD8","SHEET_PART","DFT_DES","DESCR"
"5V_OUT","Comment","*","*","",
"6V_BATTERIES","Comment","*","*","",
"Component_1","Comment","*","*","",
"LED","Comment","*","*","",
"LM1086","Comment","*","*","",
"LM7805","Comment","*","*","",
"P5578","Comment","*","*","",
"TLC5940NT","Model Name","Comment","*","TLC5940NT","TLC5940NT",
"TO_AT90","Comment","*","*","",
